<?xml version="1.0" encoding="utf-8"?>
<ApplicationInstallerManifest>
   <DefaultInstallationDirectory>/Applications/feature_extract/</DefaultInstallationDirectory>
   <ApplicationName>feature_extract</ApplicationName>
   <ExecutableName>application/feature_extract.exe</ExecutableName>
   <GUID>f1d44264-fa7a-4917-b0fb-0c7973c5d1d3</GUID>
   <ApplicationIcon>default_icon_48.png</ApplicationIcon>
   <Logo>default_logo.png</Logo>
   <Version>1.0</Version>
   <InstallationNotes>In the following directions, replace MR by the directory where MATLAB or the MATLAB Runtime is installed on the target machine.

If the environment variable DYLD_LIBRARY_PATH is undefined, set it to the following string:

MR/v93/runtime/maci64:MR/v93/sys/os/maci64:MR/v93/bin/maci64

If it is defined, set it to the following:

${DYLD_LIBRARY_PATH}:MR/v93/runtime/maci64:MR/v93/sys/os/maci64:MR/v93/bin/maci64</InstallationNotes>
   <WelcomePanelText>feature_extract 1.0
Piano Hero
jtknox@umich.edu</WelcomePanelText>
   <MCRProducts>
      <MCRProduct>
         <ExternalProductIdentifier>35000</ExternalProductIdentifier>
      </MCRProduct>
      <MCRProduct>
         <ExternalProductIdentifier>35010</ExternalProductIdentifier>
      </MCRProduct>
   </MCRProducts>
</ApplicationInstallerManifest>